Name,Type,Contributers,Status,LastEdited
GroupTheory,FurtherDiscrete,Tobias,Old,Longago
LPinGameTheory,FurtherDiscrete,Tobias,Old,Longago
MixedStrategies,FurtherDiscrete,Tobias,Old,Longago
ActivityNetworks,FurtherDiscrete,Tobias,Old,Longago
BinaryOperations,FurtherDiscrete,Tobias,Old,Longago
FundamentalsofGameTheory,FurtherDiscrete,Tobias,Old,Longago
FundamentalsofGraphTheory,FurtherDiscrete,Tobias,Old,Longago
FirstOrderDifferentialEquations,FurtherPure,Tobias,Old,Longago
GraphIsomorphismandPlanarGraphs,FurtherDiscrete,Tobias,Old,Longago
GanttChartsandResourceHistograms,FurtherDiscrete,Tobias,NolongerNewest,Recently
TheArgandDiagram,FurtherPure,Tobias,Just some checking and tweaking needed,18.5.21
ComplexRootsofEquation,FurtherPure,Tobias,Nealy there just some tweaking,20.5.21
DifferentiatingIntegratingInverseTrigFunctions,FurtherPure,Yavuz,started,22.5.21
Limits,FurtherPure,Tobias,Nearly there just some tweaking on a tikz pic,22.5.21
